{
    "r2_score": 0.613148966664929,
    "mean_squared_error": 3607854.4219754413
}
